"Buurten";"Naam van de buurt";"Aantal 0 tem 17-jarigen";"Aantal 18 tem 64-jarigen";"Aantal 65-plussers";"Aantal 80 tem 89-jarigen";"Aantal 90+'ers";"Interne vergrijzing";"Bevolkingsdichtheid (inw/ha)";"Bevolkingsdichtheid woongebied"
"12MQ";"STABROEK";"";"";"";"";"";"";"";""
"A00-";"ANTWERPEN KERN - OUDE STAD (SPAANSE WALLEN )";202;1978;564;116;13;22,9;125;13876
"A01-";"KLAPDORP - BROUWERSVLIET";177;1290;260;34;9;16,5;126;12639
"A02-";"GROENPLAATS (SPAANSE WALLEN)";42;401;164;45;10;33,5;56;5682
"A03-";"HOOGSTRAAT (SPAANSE WALLEN)";67;792;183;43;6;26,8;115;11665
"A04-";"OUDAAN (SPAANSE WALLEN)";97;1399;208;43;7;24,0;116;12051
"A05-";"GEVANGENIS (SPAANSE WALLEN)";134;1129;283;79;54;47,0;114;11780
"A081";"SCHELDEKADEN NOORD";"";"";"";"";"";"";"";""
"A10-";"MEIR - LEYSSTRAAT (SP. WALLEN)";148;1486;323;76;".";24,8;75;7665
"A11-";"KIPDORP-ST.-JACOBS (SP.WALLEN)";303;1885;253;41;6;18,6;125;12671
"A12-";"K.N.S.-NAT. BANK (SP. WALLEN)";80;799;210;45;8;25,2;69;7506
"A13-";"STADSWAAG-BEGIJNHOF(SP.WALLEN)";186;1500;421;119;75;46,1;91;9814
"A14-";"TABAKSVEST (SPAANSE WALLEN)";112;709;240;54;15;28,8;121;12273
"A15-";"HESSENHUIS (SPAANSE WALLEN)";132;1354;176;28;".";16,5;101;10096
"A21-";"ST.-ANDRIES (SPAANSE WALLEN)";378;1915;585;151;19;29,1;163;16499
"A22-";"ST.-MICHIELSKAAI (SP. WALLEN)";156;1171;277;56;8;23,1;191;19106
"B701";"LINKEROEVER-ZUID (LINKEROEVER)";945;2091;1231;307;86;31,9;83;8316
"B71-";"LINKEROEVER - STATION";370;1166;432;98;31;29,9;52;6933
"B721";"LINKEROEVER-NOORD";1002;2106;1058;330;70;37,8;95;9494
"B73-";"ST.-ANNA (LINKEROEVER)";".";47;8;".";".";".";".";"."
"B742";"THOENETLAAN (LINKEROEVER)";447;1010;346;112;25;39,6;63;6299
"B752";"GLORIANTLAAN (LINKEROEVER)";14;101;80;28;".";38,8;7;1140
"B782";"GALGEWEEL (LINKEROEVER)";55;380;17;".";".";5,9;2;9744
"B791";"ST.-ANNABOS (LINKEROEVER )";29;122;206;63;58;58,7;1;3236
"B813";"BLANCEFLOERLAAN  (LINKEROEVER)";460;1991;995;237;82;32,1;47;8439
"B824";"CHARLES DE COSTERLAAN(L.OEVER)";326;499;102;7;".";8,8;7;2635
"C20-";"STATIEKWARTIER (STATIONSWIJK)";89;540;58;5;".";8,6;75;7508
"C21-";"ATHENEUM (STATIONSWIJK)";208;1566;226;38;9;20,8;171;17081
"C22-";"DE CONINCPLEIN-Z.(STATIONSW.)";335;1478;204;30;".";16,2;213;21291
"C23-";"OFFERANDESTRAAT(STATIONSWIJK )";758;2677;398;95;8;25,9;238;23816
"C24-";"PROVINCIESTRAAT(STATIONSWIJK )";795;2721;341;60;15;22,0;146;15365
"C25-";"PELIKAANSTRAAT (STATIONSWIJK )";1396;2541;291;43;7;17,2;170;18119
"C28-";"STATION - ZOO (STATIONSWIJK )";"";"";"";"";"";"";"";""
"C29-";"STADSPARK (STATIONSWIJK )";"";"";"";"";"";"";"";""
"C31-";"JEZUITENCOLLEGE(STATIONSWIJK )";258;892;284;71;29;35,2;127;12696
"C41-";"DAMBRUGGESTRAAT-N.(STATIONSW.)";629;2150;391;86;22;27,6;231;23995
"C42-";"DE ZAVEL (NOORDWIJK )";961;2547;398;70;8;19,6;299;29874
"C43-";"ST.-WILLEBRORDUS (NOORDWIJK )";515;1646;227;32;7;17,2;180;18006
"C44-";"POTGIETERSTRAAT (NOORDWIJK)";558;1351;174;29;".";18,4;233;23294
"C45-";"STUIVENBERG ZIEKENHUIS(NOORDW)";759;1829;221;50;5;24,9;144;14763
"C491";"SCHIJNPOORT (DAM-SCHIJNPOORT )";"";"";"";"";"";"";"";""
"D30-";"CHARLOTTALEI (OOSTWIJK)";1688;2809;363;80;10;24,8;268;27682
"D31-";"ASTRID BAD (OOSTWIJK)";1251;1801;257;36;9;17,5;200;20502
"D32-";"ST.-VINCENTIUS (OOSTWIJK)";1333;2880;434;80;33;26,0;178;17816
"D33-";"STADSPARK-ZUID (OOSTWIJK)";1035;2210;365;78;20;26,8;247;24668
"D34-";"DAGERAADPLAATS - OOSTSTATIE (OOSTWIJK)";1251;4124;545;100;10;20,2;176;18630
"D35-";"VAN DIEPENBEECKSTR. (OOSTWIJK)";564;1003;144;21;6;18,8;153;16484
"D38-";"GAS (OOSTWIJK)";".";".";".";".";".";".";".";"."
"D41-";"STAPPAERTS - KRIJGSHOSPITAAL (OOSTWIJK)";794;2395;554;103;43;26,4;114;15136
"D42-";"LAMORINIERESTR.-ZUID (EBES) (OOSTWIJK)";767;1758;253;61;31;36,4;156;15630
"E122";"WAALSE KAAI (ZUIDWIJK)";145;833;248;53;16;27,8;132;13503
"E131";"VLAAMSE KAAI (ZUIDWIJK)";165;1236;191;39;5;23,0;146;14566
"E14-";"MUSEUMWIJK (ZUIDWIJK)";635;4751;672;132;19;22,5;147;15120
"E15-";"GERECHTSHOF (ZUIDWIJK)";146;1197;189;31;9;21,2;138;13773
"E19-";"OUDE SCHIPPERSDOKKEN(ZUIDWIJK)";"";"";"";"";"";"";"";""
"E50-";"BELL (ZUIDWIJK)";975;4254;867;174;71;28,3;154;15382
"E521";"LANGE ELZENSTRAAT (ZUIDWIJK)";605;2440;322;62;14;23,6;172;17607
"E53-";"TROONPLAATS (ZUIDWIJK)";345;1944;269;68;11;29,4;138;15347
"E551";"GERECHTSHOF (ZUIDWIJK)";304;1720;314;79;17;30,6;133;13322
"E5MJ";"SPAGHETTIKNOOP (KIEL)";208;1370;386;100;19;30,8;20;9569
"F11-";"ST.-CATHARINA (KIEL)";992;1993;347;77;12;25,6;138;14524
"F12-";"MAURITS SABBELAAN (KIEL)";990;1768;307;42;9;16,6;220;22627
"F21-";"KOLONIELAAN (CAM. HUYSMANSL.)";739;2769;691;179;53;33,6;105;10641
"F223";"VOLHARDINGSSTRAAT (KIEL)";166;428;216;44;6;23,1;165;23306
"F60-";"KIEL - CENTRUM (KIEL)";688;1207;196;48;7;28,1;122;12412
"F61-";"BOOMSE STWG-BEERSCHOT (KIEL)";1471;3064;413;90;20;26,6;237;23722
"F62-";"BEERSCHOT - STADION (KIEL)";611;1311;520;163;73;45,4;105;14343
"F64-";"JAN DE VOSLEI (KIEL)";657;1269;245;48;17;26,5;131;13463
"F65-";"PIUS X (KIEL)";609;1496;293;70;8;26,6;125;12833
"F6MJ";"PETROLEUM - SCHELDEKADEN-Z.";"";"";"";"";"";"";"";""
"F6NJ";"KIELSE POLDER (KIEL)";".";8;".";".";".";"-";".";"."
"G51-";"ST.-LAURENTIUS (ZUIDWIJK)";511;1961;404;105;39;35,6;109;10889
"G522";"FRANSEN PLAATS (ZUIDWIJK)";138;672;260;58;44;39,2;59;7894
"G53-";"HARMONIE (ZUIDWIJK)";603;2347;757;229;93;42,5;122;13655
"G54-";"KAREL OOMSTRAAT";320;1949;598;146;70;36,1;88;9998
"G552";"C. TEICHMANN PLAATS (ZUIDWIJK)";74;325;77;16;6;28,6;271;27146
"G59-";"ALBERTPARK (OOSTWIJK)";23;81;13;".";".";38,5;14;14484
"G72-";"WILRIJKSPL.-W. (WILRIJKSPLEIN)";178;668;163;33;10;26,4;136;13619
"G73-";"BLOKKEN-KRUISHOFSTR. (WILR.PL)";120;439;113;24;9;29,2;139;16000
"G74-";"DEN BRANDT (WILRIJKSPLEIN)";101;400;139;33;8;29,5;17;1699
"G75-";"OOSTERVELD (WILRIJKSPEIN)";29;83;22;9;".";50,0;19;2901
"G780";"NACHTEGALENPARK(WILRIJKSPLEIN)";10;52;126;59;23;65,1;1;2191
"H40-";"ST.-AMANDUS (NOORDWIJK)";989;2736;259;31;".";13,5;274;27402
"H41-";"STUIVENBERG-WEST";1044;2975;399;63;14;19,3;233;23503
"H43-";"ST.-JANSPLEIN-TRAPSTR.(N.WIJK)";733;3128;369;67;16;22,5;198;19829
"H44-";"STUIVENBERGPLEIN (NOORDWIJK)";838;2007;260;45;8;20,4;224;25887
"H4MJ";"STATION STUIVENBERG";"";"";"";"";"";"";"";""
"H83-";"SLACHTHUISWIJK (DAM-SCHIJNPOORT)";983;2539;286;43;10;18,5;166;17560
"H84-";"DAM (DAM - SCHIJNPOORT)";79;502;38;".";".";10,5;100;13526
"H8MJ";"DAM- LOBROEKDOK (SCHIJNPOORT)";".";".";".";".";".";".";".";"."
"J072";"OUDE HAVEN";115;1107;110;20;".";18,2;35;5940
"J80-";"LUCHTBAL-ZUID";998;1770;585;132;41;29,6;63;7396
"J820";"IJZERLAAN (DAM - SCHIJNPOORT)";349;1028;68;5;".";8,8;31;9795
"J83-";"DUBOISSTRAAT (NOORDWIJK)";152;1036;112;19;".";18,8;140;14041
"J84-";"WILLEMDOK (SPAANSE WALLEN)";21;279;124;20;".";16,9;17;1734
"J85-";"T EILANDJE";301;2329;637;188;76;41,4;103;10515
"J873";"HOUTDOK";16;87;6;".";".";0,0;1;"."
"J8AN";"AN-LUCHTBAL-NOORD";1090;1632;305;56;10;21,6;54;8322
"K171";"ALBERTDOK";19;80;20;".";".";20,0;0;"-"
"K172";"MARSHALL-EN INDUSTRIEDOK ESSO";"";"";"";"";"";"";"";""
"K173";"LEOPOLDDOK FORD-FABRIEKEN";".";".";".";".";".";".";".";"-"
"K175";"CHURCHILLDOK-G. M. CONTIN.";"";"";"";"";"";"";"";""
"K1NP";"AN-LUITHAGEN-TRANSCONTINENTAALWEG";"";"";"";"";"";"";"";""
"K1WN";"AN-HAVEN/VORMINGSSTATION";".";".";".";".";".";"-";".";"-"
"K214";"LILLO - FORT";".";25;13;".";".";".";".";"."
"K271";"DISTRICT LILLO TUNNEL-NOORD";"";"";"";"";"";"";"";""
"K272";"DISTRICT LILLO TUNNEL-ZUID";"";"";"";"";"";"";"";""
"K2MN";"DISTRICT LILLO TUNNEL-ZUID";"";"";"";"";"";"";"";""
"L000";"ZANDVLIET-KERN(ZANDVL.-5 DIST)";377;1309;399;83;12;23,8;16;3262
"L011";"STALSHOEK(ZANDVLIET-5 DISTR. )";244;844;275;51;9;21,8;20;2769
"L022";"GROTE RUIGEHEIDE(ZANDVL.-5DIS)";19;94;40;7;".";20,0;3;5487
"L070";"HAVENGEBIED (ZANDVLIET-5 DIS)";"";"";"";"";"";"";"";""
"L090";"NOORDLAANPOLDER-VERSPR. BEW. (ZANDVLIET - 5 DISTRICT)";41;133;46;8;".";21,7;0;8608
"L100";"BERENDRECHT - KERN (BERENDRECHT - 4 DISTRICT)";623;1725;591;143;53;33,2;14;3656
"L111";"STEENHOVENSTRAAT (BERENDRECHT - 4 DISTRICT)";201;614;267;69;9;29,2;10;3199
"L122";"VISWATER(BERENDRECHT - 4 DIST)";460;1123;493;60;5;13,2;14;3256
"L17-";"HAVENGEBIED(BERENDRECHT - 4 D)";"";"";"";"";"";"";"";""
"L18-";"KRAAIENBERG(BERENDRECHT - 4 D)";7;37;27;".";".";".";".";"-"
"M0MA";"SCHELDE - CONTAINERTERMINAL";"";"";"";"";"";"";"";""
"M0PA";"SCHELDE";"";"";"";"";"";"";"";""
"P00-";"EKEREN-CENTRUM";303;983;289;73;12;29,4;63;6420
"P01-";"EKEREN-DORP";526;1402;419;107;61;40,1;75;7510
"P02-";"SCHOONBROEK";329;890;319;42;13;17,2;50;5573
"P03-";"DE GEESTEN";615;1715;529;110;26;25,7;59;6108
"P04-";"HET ZAND";477;1366;695;202;69;39,0;53;5282
"P05-";"LEERHOEKSLAAN";195;456;148;42;6;32,4;36;3782
"P09-";"VELTWIJCK";".";".";".";".";".";".";".";"."
"P100";"MARIABURG";513;1421;429;85;25;25,6;48;5007
"P111";"DE BIST";326;954;274;45;17;22,6;30;3213
"P12-";"DE NOTESCHELP";231;592;201;40;9;24,4;40;4001
"P192";"HOGE BIST";"";"";"";"";"";"";"";""
"P20-";"HOEKAKKER";280;768;310;63;7;22,6;47;5148
"P22-";"PRINSHOEVELAND";207;614;195;40;7;24,1;24;4288
"P23-";"LAGE BIST";455;1231;375;110;27;36,5;60;6344
"P242";"KLAVERVELDEN";40;130;83;24;".";31,3;13;1876
"P2AN";"EK-LAAR";"";"";"";"";"";"";"";""
"P2AP";"EK-LUCASWIJK";301;705;347;105;57;46,7;19;3241
"P392";"VLOEIENDE";"";"";"";"";"";"";"";""
"P500";"LEUGENBERG";321;786;201;36;10;22,9;24;4335
"P589";"DE HOEKX";19;93;46;6;".";15,2;2;2174
"P590";"KROMMESTR.- AKKER - BREDESTR.- VELDEN";13;70;18;".";".";16,7;1;"."
"P6AK";"EK-LEUGENBERG-ZUID";37;111;29;".";".";3,4;21;6266
"P6BK";"EK-SCHOONBROEK - TWEEKRONEN";236;449;160;38;19;35,6;42;5680
"P6CK";"EK-SCHOONBROEK HANDBOOG";288;490;98;24;10;34,7;76;7599
"P6DK";"EK-GR.HAGELKRUIS-L.BAEKELANDSTRAAT";367;868;275;82;22;37,8;68;8968
"P6EK";"EK-DONKSE BEEK";442;982;242;34;10;18,2;32;4891
"P6FK";"EK-EKERSE POLDER";"";"";"";"";"";"";"";""
"P6PK";"EK-EKERSE PUTTEN";"";"";"";"";"";"";"";""
"Q001";"OUD MERKSEM";1194;2705;419;62;21;19,8;153;15261
"Q012";"MERKSEM-CENTRUM";1056;2331;659;207;72;42,3;127;14049
"Q021";"LAATLOS";250;616;85;11;".";12,9;78;8891
"Q03-";"GAGELVELDEN";830;2022;634;145;25;26,8;83;13693
"Q04-";"KLUIZEVELDEN";763;1657;430;90;32;28,4;116;11574
"Q052";"EIGEN HEERD";267;647;76;18;".";23,7;128;12888
"Q072";"DUIVELSHOEK";19;91;16;".";".";18,8;4;9479
"Q091";"PARK";9;24;5;".";".";".";".";"."
"Q10-";"OUDE BAREEL";885;2042;475;87;21;22,7;101;10790
"Q11-";"MERKSEMHEIDE";349;894;320;64;9;22,8;48;5031
"Q12-";"KROONWIJK";1141;2812;645;103;19;18,9;107;10697
"Q13-";"MELGESDREEF";691;1872;629;137;28;26,2;92;9457
"Q14-";"TUINWIJK";716;1646;882;266;122;44,0;71;9594
"Q17-";"MERKSEM-DOKKEN";37;61;7;".";".";14,3;2;"."
"Q201";"LAMBRECHTSHOEKEN";1656;3906;1263;345;78;33,5;132;13764
"Q212";"LAARSE BAAN-WEST";671;1730;654;186;37;34,1;126;14782
"Q222";"RIETSCHOORVELDEN";130;280;111;22;".";20,7;74;7574
"Q233";"LAARSE BAAN-OOST";314;832;388;103;10;29,1;101;12455
"Q241";"KRUISBAANVELDEN";".";24;".";".";".";".";".";"."
"Q242";"KRUISBAANVELDEN";166;442;296;86;24;37,2;51;10158
"Q2AA";"T LAAR";304;921;232;33;".";15,9;54;7982
"Q2PP";"ME-MERKSEMSE POLDER";".";7;".";".";".";".";".";"."
"Q30-";"KLEINE BAREEL";65;158;49;18;".";38,8;10;3542
"Q39-";"T FORT";".";".";".";".";".";"-";".";"."
"Q49-";"SPORTPALEIS";".";".";".";".";".";"-";".";"."
"R00-";"DEURNE - GEMEENTEHUIS";222;511;131;35;6;31,3;74;10773
"R01-";"PLANKENBERG";644;1705;490;127;24;30,8;157;16441
"R02-";"DEURNE-HET DORP";345;826;203;55;13;33,5;56;9718
"R03-";"GALLIFORT";1443;2768;536;104;24;23,9;169;17849
"R04-";"KREGLINGER";427;1087;259;51;8;22,8;135;13504
"R05-";"TER RIVIEREN";595;1694;456;102;18;26,3;121;12110
"R099";"RIVIERENHOF-NOORD";6;19;".";".";".";".";".";"."
"R101";"KRONENBURG";2110;3822;492;96;21;23,8;166;17788
"R110";"BISSCHOPPENHOF";1185;2912;1272;415;133;43,1;114;14169
"R12-";"CONFORTA";1215;2546;363;59;16;20,7;167;16684
"R13-";"TEN EEKHOVE";2032;3823;617;121;47;27,2;120;16415
"R172";"KANAAL";14;27;10;".";".";".";".";"."
"R180";"BREM";322;827;213;46;7;24,9;21;11615
"R19-";"KRUININGE";220;568;185;45;38;44,9;14;5012
"R20-";"VENNEBORG";965;2625;874;239;39;31,8;131;13285
"R21-";"MORTELHOEK";664;1946;891;245;41;32,1;114;20390
"R22-";"ERTBRUGGE";315;915;390;130;22;39,0;124;12441
"R23-";"ZWARTE AREND";828;2012;683;184;43;33,2;72;12787
"R24-";"SCHOTENSTEENWEG";750;1866;446;92;18;24,7;121;12092
"R28-";"RUGGEVELD";26;71;12;".";".";8,3;2;"."
"R29-";"ERTBRUGGE VELD";"";"";"";"";"";"";"";""
"R30-";"T MESTPUTTEKE";390;938;177;41;7;27,1;101;10064
"R31-";"DRIEKONINGEN";1190;2630;841;220;72;34,7;91;9525
"R32-";"ARENA";385;982;343;103;11;33,2;89;8856
"R33-";"KRIEKENHOF";681;1874;478;87;21;22,6;131;13141
"R34-";"MUGGENBERG";412;1065;170;28;6;20,0;177;17723
"R35-";"MORKHOVEN";799;1830;571;175;64;41,9;140;17243
"R39-";"BOTERLAARHOF";7;16;".";".";".";".";".";"-"
"R401";"BOEKENBERG";696;1897;658;160;64;34,0;95;9636
"R41-";"DRAKENHOF";528;1406;589;131;15;24,8;50;6718
"R42-";"BOEKENBERGLEI";267;813;243;62;14;31,3;73;7658
"R43-";"EKSTERLAAR";895;2198;789;227;89;40,1;89;10255
"R44-";"BOTERLAAR - SILSBURG";697;1621;660;202;57;39,2;53;8261
"R47-";"VLIEGVELD";22;79;13;".";".";15,4;1;3460
"R482";"BOEKENBERGPARK";".";".";".";".";".";".";".";"."
"S00-";"BORGERHOUT - GEMEENTEHUIS";1058;2986;539;110;30;26,0;204;20415
"S01-";"FONTEINSTRAAT";1089;2354;544;134;37;31,4;189;20077
"S02-";"DEN BLEEKHOF";846;2396;480;102;33;28,1;175;17550
"S03-";"KROONSTRAAT-WEST";613;1812;251;45;".";19,1;231;23060
"S04-";"HET LAAR";920;2408;441;90;15;23,8;199;19871
"S05-";"KATTENBERG";622;1636;286;58;11;24,1;198;19790
"S10-";"STENENBRUG-ZUID";396;1074;227;66;11;33,9;135;15682
"S11-";"COLLEGE";776;1991;522;132;40;33,0;119;13037
"S12-";"VAN DE PERRELEI";708;1703;398;107;22;32,4;124;12435
"S13-";"BOELAERPARK-NOORD";275;704;188;47;19;35,1;131;13088
"S19-";"TE BOELAERPARK";"";"";"";"";"";"";"";""
"S20-";"FOORPLEIN";207;543;118;22;".";19,5;176;18707
"S28-";"DEURNE - HUISKENS";"";"";"";"";"";"";"";""
"S2MJ";"E3 - E39";134;443;160;51;9;37,5;8;23440
"S30-";"DE PEPERBUS";997;2582;355;72;18;25,4;221;22917
"S31-";"ST.-ANNA";1202;2742;492;107;39;29,7;250;26175
"S41-";"LABORATORIUM";551;1457;301;65;13;25,9;116;11593
"S42-";"GITSCHOTEL";525;1636;861;268;121;45,2;134;13400
"S43-";"CRUYSLEI";425;972;242;44;14;24,0;120;12058
"T00-";"OP TEN BERGH";757;2319;436;104;53;36,0;170;16983
"T01-";"POSTHOF";538;1728;232;58;11;29,7;174;18203
"T02-";"HOFVELD";251;846;212;53;32;40,1;131;13165
"T03-";"STUIVENBERG";454;1800;462;132;52;39,8;112;11202
"T04-";"OUDE JUSTITIE";322;1158;340;76;16;27,1;144;14361
"T05-";"TURKEYEN";466;1538;227;39;12;22,5;163;16306
"T09-";"VESTINGEN";57;210;231;82;29;48,1;4;5018
"T10-";"RUYTENBURG";439;1468;347;77;12;25,6;97;9699
"T111";"FRUITHOF";412;1867;1060;342;84;40,2;112;12094
"T12-";"OUDE BAEN";280;1027;552;157;99;46,4;83;8293
"T13-";"MOLENVELD";413;1426;426;99;20;27,9;93;10429
"T14-";"DE VELDEKENS";520;1809;567;155;41;34,6;84;9322
"T180";"ROOY";41;214;330;95;66;48,8;17;4344
"T19-";"DE SCHOM";"";"";"";"";"";"";"";""
"T20-";"GITSCHOTEL";826;2642;648;147;28;27,0;137;13875
"T21-";"VOSSTRAETE";467;1167;218;55;9;29,4;92;9218
"T22-";"GROENENHOEK";469;1432;288;61;6;23,3;101;10581
"T23-";"BERCHEMBOS";308;835;218;55;6;28,0;95;9513
"T24-";"TUINWIJK";216;474;154;23;".";16,9;61;8119
"T25-";"HET PRIEEL";57;217;136;24;".";19,9;32;3548
"T30-";"ZURENBORG";304;1301;241;48;8;23,2;99;10802
"T39-";"OOSTKWARTIER";".";7;".";".";".";"-";".";"."
"T412";"ZILVERBEEK";160;775;822;312;56;44,8;120;12389
"T42-";"DE ZEPTEN";338;1252;433;119;23;32,8;75;9332
"U00-";"WILRIJK-CENTRUM";648;1946;868;227;50;31,9;86;9014
"U01-";"YPERMAN - STEYTELINCK";506;1541;979;297;175;48,2;39;6836
"U02-";"OVERSNES - DUIVELSHOEK";770;1898;708;171;66;33,5;96;9714
"U03-";"KOORNBLOEM";528;1542;486;91;10;20,8;49;5142
"U09-";"SLIJKHOEK - FORT 6";21;76;20;".";".";10,0;2;1699
"U10-";"HONDSNEST - MOLENVELD";686;1978;766;214;92;39,9;54;5756
"U11-";"PARKWIJK";389;1253;340;73;23;28,2;43;4344
"U20-";"VALAAR - DE BREM";1428;3451;1075;250;56;28,5;65;8763
"U21-";"DE BRUYNLAAN-ZUID";1052;2253;464;93;26;25,6;132;13458
"U22-";"DE BRUYNLAAN-NOORD";346;751;99;25;5;30,3;255;25564
"U30-";"OOSTERVELD";741;2105;531;103;39;26,7;93;9971
"U31-";"ELSDONK-OOST";256;754;184;43;9;28,3;80;9342
"U32-";"ELSDONK-WEST";290;740;227;47;9;24,7;26;2690
"U33-";"SINT-AUGUSTINUS";558;1660;589;150;57;35,1;58;8337
"U40-";"EDEN";433;1158;460;113;10;26,7;39;7392
"U41-";"U.I.A. VOORJAARSSTRAAT";167;467;169;45;7;30,8;14;4978
"U43-";"GALLAITLAAN";287;759;417;109;20;30,9;29;6786
"U47-";"INDUSTRIEPARK-OOST";41;120;46;11;".";26,1;3;3120
"U57-";"TER BEKE HOF DREEF";56;112;30;8;".";36,7;2;172242
"U5MA";"GROENE HOEK - TER BEKE";".";7;".";".";".";"-";".";"."
"U5PA";"GROENE HOEK - TER BEKE";".";".";".";".";".";"-";".";"-"
"U60-";"DOOY SLOOY";137;263;81;23;".";30,9;12;2797
"U68-";"SCHOONSELHOF - FORT 7";".";".";".";".";".";"-";".";"."
"U69-";"KLAVERBLAD";5;".";".";".";".";".";".";"."
"V00-";"HOBOKEN - CENTRUM";417;1072;337;84;20;30,9;82;8667
"V01-";"KLOOSTERSTRAAT";630;1414;400;105;19;31,0;78;7808
"V02-";"VINKEVELDEN";301;646;321;72;13;26,5;81;8824
"V03-";"KAPELSTRAAT";426;935;171;37;".";22,8;107;10833
"V04-";"SPORT PARK BELL";457;1046;460;122;23;31,5;89;11176
"V05-";"LEOPOLDLEI";786;1825;307;61;12;23,8;109;10855
"V07-";"METALLURGIE - COCKERILL";9;7;".";".";".";"-";".";"."
"V099";"PARK ZORGVLIET";".";16;7;".";".";".";".";"."
"V10-";"ZWAANTJES";1764;3652;757;164;24;24,8;110;11108
"V11-";"PORTUGESEHOF";883;2159;635;177;29;32,4;62;8909
"V12-";"WEERSTANDLAAN";578;1199;253;58;8;26,1;133;13251
"V13-";"HEIDE";1050;2366;675;121;18;20,6;96;9649
"V14-";"LICHTENBERG";679;1446;553;149;92;43,6;93;9346
"V19-";"BEGRAAFPLAATS";27;157;76;33;21;71,1;12;2107
"V20-";"MEERLENHOF";505;1155;385;109;21;33,8;77;8745
"V21-";"STUIVENBERG";449;659;116;17;".";17,2;68;6805
"V22-";"NACHTEGALENHOF-NOORD";374;863;267;78;6;31,5;65;7387
"V23-";"NACHTEGALENHOF-ZUID";502;1164;391;105;6;28,4;48;5986
"V29-";"HOF TER GROEN";"";"";"";"";"";"";"";""
"V301";"MORETUSBURG";181;664;199;38;13;25,6;47;4842
"V312";"VISPUTTEN";260;888;256;38;".";16,4;53;8581
"V322";"POLDERSTAD";314;874;473;48;11;12,5;14;4951
"V373";"INDUSTRIEPARK";".";".";".";".";".";".";".";"."
"V391";"POLDERBOS";".";".";".";".";".";".";".";"."
"11007A00-";"BORSBEEK-CENTRUM";216;638;359;103;60;45,4;58;7131
"11007A01-";"VOGELZANG";356;824;274;61;8;25,2;50;5439
"11007A020";"ACHTERROT";130;463;167;32;".";21,0;13;3267
"11007A03-";"VAN PUTLEI";736;1879;666;151;20;25,7;49;6907
"11007A04-";"OUDE SPRINKHAAN";1062;2517;821;187;19;25,1;105;10971
"11007A080";"SCHOENDONK";44;113;51;9;".";23,5;3;3964
"11007A09-";"FORT 3";38;78;27;8;".";29,6;1;1363902
